TotalTrades,WinRatePct,AvgWinner,AvgLoser,ProfitFactor,AvgDurationBars
3187,44.30498901788516,2244.3082507082154,-1144.315388951522,1.5610537210183864,21.476623784123
