TotalTrades,WinRatePct,AvgWinner,AvgLoser,ProfitFactor,AvgDurationBars
1005,41.7910447761194,4446.565476190476,-2357.0034188034188,1.3544341758005058,32.99900497512438
