TotalTrades,WinRatePct,AvgWinner,AvgLoser,ProfitFactor,AvgDurationBars
4881,44.27371440278631,2161.7761453031003,-1082.9776572269216,1.5864879676596229,24.03954107764802
