TotalTrades,WinRatePct,AvgWinner,AvgLoser,ProfitFactor,AvgDurationBars
719,41.307371349095966,1168.2068602693603,-620.4329828199052,1.32516169397542,634.5299026425591
