TotalTrades,WinRatePct,AvgWinner,AvgLoser,ProfitFactor,AvgDurationBars
748,41.17647058823529,1183.4935064935064,-617.7620738636364,1.3410429186177655,635.6697860962566
