TotalTrades,WinRatePct,AvgWinner,AvgLoser,ProfitFactor,AvgDurationBars
403,31.265508684863523,1176.6236359126983,-920.5301782490975,0.5814204641305352,922.8734491315137
