Market,BarMinutes,RunType,PythonProfit,CppProfit,PythonMaxDD,CppMaxDD,PythonRoA,CppRoA,PythonClosedTrades,CppClosedTrades,ProfitPctError,MaxDDPctError,RoAPctError,TradesPctError,Within10Pct
TY,5,walkforward_oos,68335.51562499988,68335.515625,15864.70312499997,15864.703125,4.307393279696181,4.307393,395,395,1.703584450372468e-15,1.8345020532323202e-15,6.493398231427644e-08,0.0,True
TY,5,full_sample,87864.7187499995,87864.71875,17186.46875000006,17186.46875,5.112435837059269,5.112436,724,724,5.630987326918098e-15,3.3868307539015196e-15,3.1871446631288723e-08,0.0,True
TY,5,reference_in_sample,89464.9375,89464.9375,18903.25,18903.25,4.732781,4.732781,154,154,0.0,0.0,0.0,0.0,True
TY,5,reference_out_of_sample,4392.625,4392.625,33128.5,33128.5,0.132594,0.132594,71,71,0.0,0.0,0.0,0.0,True
TY,5,reference_full,93513.8125,93513.8125,33128.5,33128.5,2.82276,2.82276,225,225,0.0,0.0,0.0,0.0,True
