Market,BarMinutes,RunType,PythonProfit,CppProfit,PythonMaxDD,CppMaxDD,PythonRoA,CppRoA,PythonClosedTrades,CppClosedTrades,ProfitPctError,MaxDDPctError,RoAPctError,TradesPctError,Within10Pct
TY,1,walkforward_oos,71952.35937499985,71952.359375,15603.093750000058,15603.09375,4.611416205520113,4.611416,401,401,2.0224375343309377e-15,3.730520488186352e-15,4.456768006357925e-08,0.0,True
TY,1,full_sample,97670.56249999948,97670.5625,13827.50000000003,13827.5,7.063501175194307,7.063501,772,772,5.3636319358886325e-15,2.104778915692186e-15,2.480275815938697e-08,0.0,True
TY,1,reference_in_sample,91467.8125,91467.8125,18981.375,18981.375,4.818819,4.818819,157,157,0.0,0.0,0.0,0.0,True
TY,1,reference_out_of_sample,4408.25,4408.25,33191.0,33191.0,0.132815,0.132815,71,71,0.0,0.0,0.0,0.0,True
TY,1,reference_full,95516.6875,95516.6875,33191.0,33191.0,2.877789,2.877789,228,228,0.0,0.0,0.0,0.0,True
